data_sessao,categoria,ano_playlist,status,rows_extracted,created,updated,blocked,skipped,titulo,video_id,url,playlist
2016-08-01,1_error_reprocessar,2016,error,0,0,0,0,0,Veja a íntegra da Sessão Plenária do dia 01 de agosto de 2016,UuadKAEzVWQ,https://www.youtube.com/watch?v=UuadKAEzVWQ,2016_PLljYw1P54c4xOLSmKS8Rr9PHJBaI3J8OW
2016-08-02,1_error_reprocessar,2016,error,0,0,0,0,0,Veja a íntegra da Sessão Plenária do dia 02 de Agosto de 2016,ByaaXAoa8ec,https://www.youtube.com/watch?v=ByaaXAoa8ec,2016_PLljYw1P54c4xOLSmKS8Rr9PHJBaI3J8OW
2016-08-09,1_error_reprocessar,2016,error,0,0,0,0,0,Veja a íntegra da Sessão Plenária do dia 09 de Agosto de 2016,WvLVQJAqbEk,https://www.youtube.com/watch?v=WvLVQJAqbEk,2016_PLljYw1P54c4xOLSmKS8Rr9PHJBaI3J8OW
2016-08-16,1_error_reprocessar,2016,error,0,0,0,0,0,Veja a íntegra da Sessão Plenária do dia 16 de Agosto de 2016,Q7nSihaNXBg,https://www.youtube.com/watch?v=Q7nSihaNXBg,2016_PLljYw1P54c4xOLSmKS8Rr9PHJBaI3J8OW
2016-08-23,1_error_reprocessar,2016,error,0,0,0,0,0,Veja a íntegra da Sessão Plenária do dia 23 de Agosto de 2016,u0-GGPEiVCw,https://www.youtube.com/watch?v=u0-GGPEiVCw,2016_PLljYw1P54c4xOLSmKS8Rr9PHJBaI3J8OW
2016-09-01,1_error_reprocessar,2016,error,0,0,0,0,0,Veja a íntegra da Sessão Plenária do dia 01 de setembro de 2016,3w_Qaj5FJnE,https://www.youtube.com/watch?v=3w_Qaj5FJnE,2016_PLljYw1P54c4xOLSmKS8Rr9PHJBaI3J8OW
2018-08-31,1_error_reprocessar,2018,error,0,0,0,0,0,Sessão Plenária Extraordinária do dia 31 de agosto de 2018,ON1Qlbiqr2g,https://www.youtube.com/watch?v=ON1Qlbiqr2g,2018_PLljYw1P54c4wXnMSnF874xn8DXKhw6-6u
2024-02-20,1_error_reprocessar,2024,error,0,0,0,0,0,Sessão Plenária - 20 de Fevereiro de 2024,o7u5y1MRncY,https://www.youtube.com/watch?v=o7u5y1MRncY,2024_PLljYw1P54c4yYbFDcvNEj7bOWY72OzCM0
2024-02-27,1_error_reprocessar,2024,error,0,0,0,0,0,Sessão Plenária - 27 de Fevereiro  de 2024,hr05rWalyGk,https://www.youtube.com/watch?v=hr05rWalyGk,2024_PLljYw1P54c4yYbFDcvNEj7bOWY72OzCM0
2024-05-14,1_error_reprocessar,2024,error,0,0,0,0,0,Sessão Plenária - 14 de Maio de 2024,SXX_dZfBwGU,https://www.youtube.com/watch?v=SXX_dZfBwGU,2024_PLljYw1P54c4yYbFDcvNEj7bOWY72OzCM0
2024-05-21,1_error_reprocessar,2024,error,0,0,0,0,0,Sessão Plenária - 21 de Maio de 2024,P2s1p6eWGW0,https://www.youtube.com/watch?v=P2s1p6eWGW0,2024_PLljYw1P54c4yYbFDcvNEj7bOWY72OzCM0
2024-05-23,1_error_reprocessar,2024,error,0,0,0,0,0,Sessão Plenária - 23 de Maio de 2024,3Q1Lo7ISIhQ,https://www.youtube.com/watch?v=3Q1Lo7ISIhQ,2024_PLljYw1P54c4yYbFDcvNEj7bOWY72OzCM0
2025-02-25,1_error_reprocessar,2025,error,0,0,0,0,0,Sessão Plenária - 25 de Fevereiro 2025,M10XRCKcFrs,https://www.youtube.com/watch?v=M10XRCKcFrs,2025_PLljYw1P54c4xZp8GKvAW8ogzKaKOSbMp7
2020-08-20,2_publicou_mas_sumiu,2020,done,8,2,0,3,3,Sessão Plenária do dia 20 de Agosto de 2020,ZAKV8yOk4uE,https://www.youtube.com/watch?v=ZAKV8yOk4uE,2020_PLljYw1P54c4yrpLWP7tA-4uyNplX1y7pb
2020-08-25,2_publicou_mas_sumiu,2020,done,10,7,0,3,0,Sessão Plenária do dia 25 de Agosto de 2020,dJWnxIs0qQY,https://www.youtube.com/watch?v=dJWnxIs0qQY,2020_PLljYw1P54c4yrpLWP7tA-4uyNplX1y7pb
2020-09-15,2_publicou_mas_sumiu,2020,done,12,5,0,4,3,Sessão Plenária do Dia 15 de Setembro de 2020,vuDMZxhXAfU,https://www.youtube.com/watch?v=vuDMZxhXAfU,2020_PLljYw1P54c4yrpLWP7tA-4uyNplX1y7pb
2020-09-22,2_publicou_mas_sumiu,2020,done,17,5,0,8,4,Sessão Plenária do Dia 22 de Setembro de 2020,X0ZJ79dKoC0,https://www.youtube.com/watch?v=X0ZJ79dKoC0,2020_PLljYw1P54c4yrpLWP7tA-4uyNplX1y7pb
2020-10-27,2_publicou_mas_sumiu,2020,done,6,6,0,0,0,Sessão Plenária do Dia 27 de Outubro de 2020,aL-v1yJu73c,https://www.youtube.com/watch?v=aL-v1yJu73c,2020_PLljYw1P54c4yrpLWP7tA-4uyNplX1y7pb
2020-11-03,2_publicou_mas_sumiu,2020,done,6,5,0,1,0,Sessão Plenária do dia 03 de novembro de 2020,Ho1j5_VqwZE,https://www.youtube.com/watch?v=Ho1j5_VqwZE,2020_PLljYw1P54c4yrpLWP7tA-4uyNplX1y7pb
2020-11-12,2_publicou_mas_sumiu,2020,done,5,4,0,0,1,Sessão Plenária do dia 12 de novembro de 2020,Pp3JrtV5zo0,https://www.youtube.com/watch?v=Pp3JrtV5zo0,2020_PLljYw1P54c4yrpLWP7tA-4uyNplX1y7pb
2020-12-03,2_publicou_mas_sumiu,2020,done,11,5,0,4,2,Sessão Plenária do dia 3 de dezembro de 2020,JfPw9u0alNM,https://www.youtube.com/watch?v=JfPw9u0alNM,2020_PLljYw1P54c4yrpLWP7tA-4uyNplX1y7pb
2020-12-15,2_publicou_mas_sumiu,2020,done,13,8,0,2,3,Sessão Plenária do dia 15 de dezembro de 2020,ihM-I50q_j0,https://www.youtube.com/watch?v=ihM-I50q_j0,2020_PLljYw1P54c4yrpLWP7tA-4uyNplX1y7pb
2020-12-17,2_publicou_mas_sumiu,2020,done,8,4,0,2,2,Sessão Plenária do dia 17 de dezembro de 2020,l-MkXdJcXwE,https://www.youtube.com/watch?v=l-MkXdJcXwE,2020_PLljYw1P54c4yrpLWP7tA-4uyNplX1y7pb
2021-02-02,2_publicou_mas_sumiu,2021,done,4,3,0,1,0,Sessão Plenária do dia 02 de Fevereiro de 2021,0ygmlEy35vw,https://www.youtube.com/watch?v=0ygmlEy35vw,2021_PLljYw1P54c4xWXyg2tGTCyTZpkD64Q7Tt
2021-02-04,2_publicou_mas_sumiu,2021,done,7,3,0,2,2,Sessão Plenária do dia 04 de Fevereiro de 2021,x3ba3Syz1So,https://www.youtube.com/watch?v=x3ba3Syz1So,2021_PLljYw1P54c4xWXyg2tGTCyTZpkD64Q7Tt
2021-02-09,2_publicou_mas_sumiu,2021,done,8,3,0,5,0,Sessão Plenária do dia 09 de Fevereiro de 2021,Pr7UlM6gYWs,https://www.youtube.com/watch?v=Pr7UlM6gYWs,2021_PLljYw1P54c4xWXyg2tGTCyTZpkD64Q7Tt
2021-02-23,2_publicou_mas_sumiu,2021,done,7,5,0,1,1,Sessão Plenária do dia 23 de Fevereiro de 2021,pD3Be0q1zYw,https://www.youtube.com/watch?v=pD3Be0q1zYw,2021_PLljYw1P54c4xWXyg2tGTCyTZpkD64Q7Tt
2021-03-02,2_publicou_mas_sumiu,2021,done,8,4,0,4,0,Sessão Plenária do dia 02 de março de 2021,koJR4xUMlA0,https://www.youtube.com/watch?v=koJR4xUMlA0,2021_PLljYw1P54c4xWXyg2tGTCyTZpkD64Q7Tt
2021-03-04,2_publicou_mas_sumiu,2021,done,11,4,0,4,3,Sessão Plenária do dia 04 de março de 2021,10Mi7lUe1ng,https://www.youtube.com/watch?v=10Mi7lUe1ng,2021_PLljYw1P54c4xWXyg2tGTCyTZpkD64Q7Tt
2021-03-09,2_publicou_mas_sumiu,2021,done,7,4,0,1,2,Sessão Plenária do dia 09 de março de 2021,pvfdUK1v0a0,https://www.youtube.com/watch?v=pvfdUK1v0a0,2021_PLljYw1P54c4xWXyg2tGTCyTZpkD64Q7Tt
2021-03-16,2_publicou_mas_sumiu,2021,done,4,3,0,1,0,Sessão Plenária do dia 16 de março de 2021,yXsNOBaCaME,https://www.youtube.com/watch?v=yXsNOBaCaME,2021_PLljYw1P54c4xWXyg2tGTCyTZpkD64Q7Tt
2021-03-23,2_publicou_mas_sumiu,2021,done,7,2,0,5,0,Sessão Plenária do dia 23 de março de 2021,MdAnpYjJbj8,https://www.youtube.com/watch?v=MdAnpYjJbj8,2021_PLljYw1P54c4xWXyg2tGTCyTZpkD64Q7Tt
2021-04-13,2_publicou_mas_sumiu,2021,done,5,3,0,2,0,Sessão Plenária do dia 13 de Abril de 2021,Cb6q7vB8rhE,https://www.youtube.com/watch?v=Cb6q7vB8rhE,2021_PLljYw1P54c4xWXyg2tGTCyTZpkD64Q7Tt
2021-04-27,2_publicou_mas_sumiu,2021,done,8,4,0,2,2,Sessão Plenária do dia 27 de Abril de 2021,27PsMz8POGo,https://www.youtube.com/watch?v=27PsMz8POGo,2021_PLljYw1P54c4xWXyg2tGTCyTZpkD64Q7Tt
2021-05-04,2_publicou_mas_sumiu,2021,done,7,4,0,3,0,Sessão Plenária do dia 04 de maio de 2021,hN_EynJ-_Vs,https://www.youtube.com/watch?v=hN_EynJ-_Vs,2021_PLljYw1P54c4xWXyg2tGTCyTZpkD64Q7Tt
2021-05-06,2_publicou_mas_sumiu,2021,done,5,3,0,1,1,Sessão Plenária do dia 06 de maio de 2021,71bmpMYTjKA,https://www.youtube.com/watch?v=71bmpMYTjKA,2021_PLljYw1P54c4xWXyg2tGTCyTZpkD64Q7Tt
2021-05-11,2_publicou_mas_sumiu,2021,done,4,2,0,2,0,Sessão Plenária do dia 11 de maio de 2021,CGmoN5Lllow,https://www.youtube.com/watch?v=CGmoN5Lllow,2021_PLljYw1P54c4xWXyg2tGTCyTZpkD64Q7Tt
2021-05-13,2_publicou_mas_sumiu,2021,done,3,2,0,0,1,Sessão Plenária do dia 13 de maio de 2021,wYmKiMIUhuw,https://www.youtube.com/watch?v=wYmKiMIUhuw,2021_PLljYw1P54c4xWXyg2tGTCyTZpkD64Q7Tt
2021-05-20,2_publicou_mas_sumiu,2021,done,4,3,0,1,0,Sessão Plenária do dia 20 de maio de 2021,eohbmb1xyh4,https://www.youtube.com/watch?v=eohbmb1xyh4,2021_PLljYw1P54c4xWXyg2tGTCyTZpkD64Q7Tt
2021-05-25,2_publicou_mas_sumiu,2021,done,4,3,0,1,0,Sessão Plenária do dia 25 de maio de 2021,k7DlLw5e4iY,https://www.youtube.com/watch?v=k7DlLw5e4iY,2021_PLljYw1P54c4xWXyg2tGTCyTZpkD64Q7Tt
2021-06-15,2_publicou_mas_sumiu,2021,done,5,4,0,1,0,Sessão Plenária do dia 15 de junho de 2021,mtqG49dzZ_w,https://www.youtube.com/watch?v=mtqG49dzZ_w,2021_PLljYw1P54c4xWXyg2tGTCyTZpkD64Q7Tt
2021-06-24,2_publicou_mas_sumiu,2021,done,2,1,0,1,0,Sessão Plenária do dia 24 de junho de 2021,vqAddTmBGUw,https://www.youtube.com/watch?v=vqAddTmBGUw,2021_PLljYw1P54c4xWXyg2tGTCyTZpkD64Q7Tt
2021-06-29,2_publicou_mas_sumiu,2021,done,6,3,0,3,0,Sessão Plenária do dia 29 de junho de 2021,U-rwew1j2Ps,https://www.youtube.com/watch?v=U-rwew1j2Ps,2021_PLljYw1P54c4xWXyg2tGTCyTZpkD64Q7Tt
2021-07-01,2_publicou_mas_sumiu,2021,done,2,2,0,0,0,Sessão de encerramento do semestre - 01 de julho de 2021,XMCZfxbysso,https://www.youtube.com/watch?v=XMCZfxbysso,2021_PLljYw1P54c4xWXyg2tGTCyTZpkD64Q7Tt
2021-09-09,2_publicou_mas_sumiu,2021,done,3,2,0,1,0,Sessão Plenária de Julgamento - 09 de setembro de 2021,xAssdpGXOY0,https://www.youtube.com/watch?v=xAssdpGXOY0,2021_PLljYw1P54c4xWXyg2tGTCyTZpkD64Q7Tt
2021-09-23,2_publicou_mas_sumiu,2021,done,6,1,0,2,3,Sessão Plenária de Julgamento - 23 de setembro de 2021,n81QkagbTqw,https://www.youtube.com/watch?v=n81QkagbTqw,2021_PLljYw1P54c4xWXyg2tGTCyTZpkD64Q7Tt
2021-09-28,2_publicou_mas_sumiu,2021,done,3,1,0,2,0,Sessão Plenária de Julgamento - 28 de setembro de 2021,Xu837vAFnN8,https://www.youtube.com/watch?v=Xu837vAFnN8,2021_PLljYw1P54c4xWXyg2tGTCyTZpkD64Q7Tt
2021-09-30,2_publicou_mas_sumiu,2021,done,4,4,0,0,0,Sessão Plenária de Julgamento - 30 de setembro de 2021,STL7FqkZ7wA,https://www.youtube.com/watch?v=STL7FqkZ7wA,2021_PLljYw1P54c4xWXyg2tGTCyTZpkD64Q7Tt
2021-10-26,2_publicou_mas_sumiu,2021,done,4,1,0,2,1,Sessão Plenária do dia 26 de outubro de 2021,xtEpgB9REyw,https://www.youtube.com/watch?v=xtEpgB9REyw,2021_PLljYw1P54c4xWXyg2tGTCyTZpkD64Q7Tt
2021-11-11,2_publicou_mas_sumiu,2021,done,2,2,0,0,0,Sessão Plenária do dia 11 de novembro de 2021,rUGyqoJohWo,https://www.youtube.com/watch?v=rUGyqoJohWo,2021_PLljYw1P54c4xWXyg2tGTCyTZpkD64Q7Tt
2021-11-16,2_publicou_mas_sumiu,2021,done,2,1,0,1,0,Sessão Plenária do dia 16 de novembro de 2021,VuAzF-yFNr8,https://www.youtube.com/watch?v=VuAzF-yFNr8,2021_PLljYw1P54c4xWXyg2tGTCyTZpkD64Q7Tt
2021-12-02,2_publicou_mas_sumiu,2021,done,2,1,0,1,0,Sessão Plenária do dia 2 de dezembro de 2021,Sa_kW9wpNl8,https://www.youtube.com/watch?v=Sa_kW9wpNl8,2021_PLljYw1P54c4xWXyg2tGTCyTZpkD64Q7Tt
2022-02-24,2_publicou_mas_sumiu,2022,done,5,2,0,1,2,Sessão Plenária - 24 de fevereiro de 2022,Itxr5Z6OTk4,https://www.youtube.com/watch?v=Itxr5Z6OTk4,2022_PLljYw1P54c4zAl2CdvSPL8Y7t3Lh8ewqN
2022-05-05,2_publicou_mas_sumiu,2022,done,3,2,0,1,0,Sessão Plenária - 05 de Maio de 2022,zSLgGjhlrqE,https://www.youtube.com/watch?v=zSLgGjhlrqE,2022_PLljYw1P54c4zAl2CdvSPL8Y7t3Lh8ewqN
2022-05-17,2_publicou_mas_sumiu,2022,done,7,4,0,2,1,Sessão Plenária - 17 de Maio de 2022,xSGib9tJdAk,https://www.youtube.com/watch?v=xSGib9tJdAk,2022_PLljYw1P54c4zAl2CdvSPL8Y7t3Lh8ewqN
2022-09-01,2_publicou_mas_sumiu,2022,done,25,12,0,6,7,Sessão Plenária - 01 de setembro de 2022,BvJzDWrn81k,https://www.youtube.com/watch?v=BvJzDWrn81k,2022_PLljYw1P54c4zAl2CdvSPL8Y7t3Lh8ewqN
2022-09-20,2_publicou_mas_sumiu,2022,done,25,14,0,8,3,Sessão Plenária - 20 de setembro de 2022,a9oU3taozF0,https://www.youtube.com/watch?v=a9oU3taozF0,2022_PLljYw1P54c4zAl2CdvSPL8Y7t3Lh8ewqN
2022-09-29,2_publicou_mas_sumiu,2022,done,11,8,0,3,0,Sessão Plenária - 29 de setembro de 2022,A7LIfqHXfN0,https://www.youtube.com/watch?v=A7LIfqHXfN0,2022_PLljYw1P54c4zAl2CdvSPL8Y7t3Lh8ewqN
2022-11-10,2_publicou_mas_sumiu,2022,done,4,4,0,0,0,Sessão Plenária - 10 de Novembro de 2022,vyFjFal4uOM,https://www.youtube.com/watch?v=vyFjFal4uOM,2022_PLljYw1P54c4zAl2CdvSPL8Y7t3Lh8ewqN
2022-11-17,2_publicou_mas_sumiu,2022,done,10,2,0,6,2,Sessão Plenária - 17 de Novembro de 2022,Ta561JLwDR0,https://www.youtube.com/watch?v=Ta561JLwDR0,2022_PLljYw1P54c4zAl2CdvSPL8Y7t3Lh8ewqN
2022-12-15,2_publicou_mas_sumiu,2022,done,7,5,0,1,1,Sessão Plenária - 15 de Dezembro de 2022,LsU5nrRJwO8,https://www.youtube.com/watch?v=LsU5nrRJwO8,2022_PLljYw1P54c4zAl2CdvSPL8Y7t3Lh8ewqN
2023-04-20,2_publicou_mas_sumiu,2023,done,27,11,0,11,5,Sessão Plenária - 20 de Abril de 2023,K1i5EqTPPRg,https://www.youtube.com/watch?v=K1i5EqTPPRg,2023_PLljYw1P54c4z7JQo5DpCEsWOwXd_5nZkk
2023-05-02,2_publicou_mas_sumiu,2023,done,8,4,0,4,0,Sessão Plenária - 02 de Maio  de 2023,pX3fBrVWMAQ,https://www.youtube.com/watch?v=pX3fBrVWMAQ,2023_PLljYw1P54c4z7JQo5DpCEsWOwXd_5nZkk
2023-06-27,2_publicou_mas_sumiu,2023,done,11,4,0,7,0,Sessão Plenária - 27 de Junho  de 2023,GHIMdcxD52w,https://www.youtube.com/watch?v=GHIMdcxD52w,2023_PLljYw1P54c4z7JQo5DpCEsWOwXd_5nZkk
2023-10-17,2_publicou_mas_sumiu,2023,done,5,3,0,2,0,Sessão Plenária - 17 de Outubro  de 2023,_kYlEx2-wQg,https://www.youtube.com/watch?v=_kYlEx2-wQg,2023_PLljYw1P54c4z7JQo5DpCEsWOwXd_5nZkk
2023-10-24,2_publicou_mas_sumiu,2023,done,5,1,0,4,0,Sessão Plenária - 24 de Outubro  de 2023,oviQRdxv8lg,https://www.youtube.com/watch?v=oviQRdxv8lg,2023_PLljYw1P54c4z7JQo5DpCEsWOwXd_5nZkk
2023-10-26,2_publicou_mas_sumiu,2023,done,4,0,3,1,0,Sessão Plenária - 26 de Outubro de 2023,Ctw2b6Yv72w,https://www.youtube.com/watch?v=Ctw2b6Yv72w,2023_PLljYw1P54c4z7JQo5DpCEsWOwXd_5nZkk
2023-11-09,2_publicou_mas_sumiu,2023,done,10,1,7,2,0,Sessão Plenária - 09 de Novembro de 2023,iNlfPCIxDqo,https://www.youtube.com/watch?v=iNlfPCIxDqo,2023_PLljYw1P54c4z7JQo5DpCEsWOwXd_5nZkk
2023-11-21,2_publicou_mas_sumiu,2023,done,6,3,0,3,0,Sessão solene – 21 de Novembro de 2023,_YCbXml9voE,https://www.youtube.com/watch?v=_YCbXml9voE,2023_PLljYw1P54c4z7JQo5DpCEsWOwXd_5nZkk
2023-12-12,2_publicou_mas_sumiu,2023,done,2,2,0,0,0,Sessão Plenária - 12 de Dezembro de 2023,_wqjSCuKezg,https://www.youtube.com/watch?v=_wqjSCuKezg,2023_PLljYw1P54c4z7JQo5DpCEsWOwXd_5nZkk
2024-02-01,2_publicou_mas_sumiu,2024,done,4,2,0,2,0,Sessão de Abertura do Ano Judiciário Eleitoral -  1º de Fevereiro de 2024,X2b35tb8MC0,https://www.youtube.com/watch?v=X2b35tb8MC0,2024_PLljYw1P54c4yYbFDcvNEj7bOWY72OzCM0
2024-04-16,2_publicou_mas_sumiu,2024,done,4,1,0,3,0,Sessão Plenária - 16 de Abril de 2024,A7i3i-Tiwtc,https://www.youtube.com/watch?v=A7i3i-Tiwtc,2024_PLljYw1P54c4yYbFDcvNEj7bOWY72OzCM0
2024-05-09,2_publicou_mas_sumiu,2024,done,8,4,0,3,1,Sessão Plenária - 09 de Maio de 2024,rk0sSkkoRes,https://www.youtube.com/watch?v=rk0sSkkoRes,2024_PLljYw1P54c4yYbFDcvNEj7bOWY72OzCM0
2024-07-01,2_publicou_mas_sumiu,2024,done,6,1,2,3,0,Sessão de Encerramento do Semestre Forense - 1º de Julho de 2024,U3aMCuJFGEE,https://www.youtube.com/watch?v=U3aMCuJFGEE,2024_PLljYw1P54c4yYbFDcvNEj7bOWY72OzCM0
2024-08-01,2_publicou_mas_sumiu,2024,done,5,0,3,2,0,Sessão de Abertura do 2º Semestre Forense - 1º de Agosto de 2024,-bRjhtB4Gz4,https://www.youtube.com/watch?v=-bRjhtB4Gz4,2024_PLljYw1P54c4yYbFDcvNEj7bOWY72OzCM0
2024-08-08,2_publicou_mas_sumiu,2024,done,3,0,2,1,0,Sessão Plenária - 08 de Agosto de 2024,xdahvXFp4o0,https://www.youtube.com/watch?v=xdahvXFp4o0,2024_PLljYw1P54c4yYbFDcvNEj7bOWY72OzCM0
2024-08-15,2_publicou_mas_sumiu,2024,done,7,3,1,2,1,Sessão Plenária - 15 de Agosto de 2024,VNzsALRJ7OE,https://www.youtube.com/watch?v=VNzsALRJ7OE,2024_PLljYw1P54c4yYbFDcvNEj7bOWY72OzCM0
2024-08-27,2_publicou_mas_sumiu,2024,done,10,1,4,4,1,Sessão Plenária - 27 de Agosto de 2024,a5Q91onW8x8,https://www.youtube.com/watch?v=a5Q91onW8x8,2024_PLljYw1P54c4yYbFDcvNEj7bOWY72OzCM0
2024-09-05,2_publicou_mas_sumiu,2024,done,7,1,2,1,3,Sessão Plenária - 05 de Setembro de 2024,Bk6mMbzRfPI,https://www.youtube.com/watch?v=Bk6mMbzRfPI,2024_PLljYw1P54c4yYbFDcvNEj7bOWY72OzCM0
2024-09-10,2_publicou_mas_sumiu,2024,done,3,1,2,0,0,Sessão Plenária - 10 de Setembro de 2024,qlrGGIkEKnk,https://www.youtube.com/watch?v=qlrGGIkEKnk,2024_PLljYw1P54c4yYbFDcvNEj7bOWY72OzCM0
2024-10-17,2_publicou_mas_sumiu,2024,done,5,0,2,2,1,Sessão Plenária - 17 de Outubro de 2024,VqIAEE8aYtc,https://www.youtube.com/watch?v=VqIAEE8aYtc,2024_PLljYw1P54c4yYbFDcvNEj7bOWY72OzCM0
2024-11-19,2_publicou_mas_sumiu,2024,done,5,0,4,1,0,Sessão Plenária - 19 de Novembro de 2024,OF1UZiHtigs,https://www.youtube.com/watch?v=OF1UZiHtigs,2024_PLljYw1P54c4yYbFDcvNEj7bOWY72OzCM0
2024-12-10,2_publicou_mas_sumiu,2024,done,5,1,2,1,1,Sessão Plenária - 10 de Dezembro de 2024,4iUjOEYLgEw,https://www.youtube.com/watch?v=4iUjOEYLgEw,2024_PLljYw1P54c4yYbFDcvNEj7bOWY72OzCM0
2024-12-17,2_publicou_mas_sumiu,2024,done,5,3,1,1,0,Sessão Plenária - 17 de Dezembro de 2024,dVbYW3VIMFg,https://www.youtube.com/watch?v=dVbYW3VIMFg,2024_PLljYw1P54c4yYbFDcvNEj7bOWY72OzCM0
2025-02-03,2_publicou_mas_sumiu,2025,done,5,2,1,2,0,Sessão de Abertura do Ano Judiciário - 03 de Fevereiro de 2025,85nkZbYNQFw,https://www.youtube.com/watch?v=85nkZbYNQFw,2025_PLljYw1P54c4xZp8GKvAW8ogzKaKOSbMp7
2025-02-20,2_publicou_mas_sumiu,2025,done,6,1,1,4,0,Sessão Plenária - 20 de Fevereiro 2025,XpIuf8Ekl8M,https://www.youtube.com/watch?v=XpIuf8Ekl8M,2025_PLljYw1P54c4xZp8GKvAW8ogzKaKOSbMp7
2025-02-26,2_publicou_mas_sumiu,2025,done,3,1,1,1,0,Sessão Plenária Extraordinária - 26 de Fevereiro 2025,iDGnLoUKAt4,https://www.youtube.com/watch?v=iDGnLoUKAt4,2025_PLljYw1P54c4xZp8GKvAW8ogzKaKOSbMp7
2025-05-27,2_publicou_mas_sumiu,2025,done,5,0,2,1,2,Sessão Plenária - 27 de Maio 2025,SlymFm17_-U,https://www.youtube.com/watch?v=SlymFm17_-U,2025_PLljYw1P54c4xZp8GKvAW8ogzKaKOSbMp7
2025-05-29,2_publicou_mas_sumiu,2025,done,3,1,2,0,0,Sessão Plenária - 29 de Maio 2025,qmuWuJvAqWE,https://www.youtube.com/watch?v=qmuWuJvAqWE,2025_PLljYw1P54c4xZp8GKvAW8ogzKaKOSbMp7
2025-08-01,2_publicou_mas_sumiu,2025,done,5,0,2,0,3,Sessão de Abertura do Semestre Forense - 01 de Agosto 2025,TTwwzUCpon8,https://www.youtube.com/watch?v=TTwwzUCpon8,2025_PLljYw1P54c4xZp8GKvAW8ogzKaKOSbMp7
2025-08-07,2_publicou_mas_sumiu,2025,done,4,1,2,1,0,Sessão Plenária - 07 de Agosto 2025,meRpbo0hT7c,https://www.youtube.com/watch?v=meRpbo0hT7c,2025_PLljYw1P54c4xZp8GKvAW8ogzKaKOSbMp7
2025-08-21,2_publicou_mas_sumiu,2025,done,2,1,1,0,0,Sessão Plenária - 21 de Agosto 2025,IIX_nRBQ1FU,https://www.youtube.com/watch?v=IIX_nRBQ1FU,2025_PLljYw1P54c4xZp8GKvAW8ogzKaKOSbMp7
2025-11-27,2_publicou_mas_sumiu,2025,done,10,4,1,3,2,Sessão Plenária - 27 de Novembro 2025,biVVJuKJ_Ug,https://www.youtube.com/watch?v=biVVJuKJ_Ug,2025_PLljYw1P54c4xZp8GKvAW8ogzKaKOSbMp7
2016-11-08,3_nada_publicavel,2016,done,8,0,0,5,3,Veja a íntegra da Sessão Plenária do dia 08 de novembro de 2016,lktucF7oE5I,https://www.youtube.com/watch?v=lktucF7oE5I,2016_PLljYw1P54c4xOLSmKS8Rr9PHJBaI3J8OW
2016-11-10,3_nada_publicavel,2016,done,1,0,0,0,1,Veja a íntegra da Sessão Plenária do dia 10 de novembro de 2016,3_HRr8-ANWE,https://www.youtube.com/watch?v=3_HRr8-ANWE,2016_PLljYw1P54c4xOLSmKS8Rr9PHJBaI3J8OW
2017-05-25,3_nada_publicavel,2017,done,6,0,0,2,4,Sessão Plenária do dia 25 de maio de 2017,N4PRXdaz9oU,https://www.youtube.com/watch?v=N4PRXdaz9oU,2017_PLljYw1P54c4xlR_FyjhzRJF3h9OY2Lq42
2017-06-07,3_nada_publicavel,2017,done,3,0,0,3,0,Sessão Plenária do dia 07 de junho de 2017,QbKMosTtQqc,https://www.youtube.com/watch?v=QbKMosTtQqc,2017_PLljYw1P54c4xlR_FyjhzRJF3h9OY2Lq42
2017-06-08,3_nada_publicavel,2017,done,1,0,0,1,0,Sessão Plenária do dia 08 de junho de 2017  (tarde),9ZXQ11cEcPs,https://www.youtube.com/watch?v=9ZXQ11cEcPs,2017_PLljYw1P54c4xlR_FyjhzRJF3h9OY2Lq42
2017-06-08,3_nada_publicavel,2017,done,1,0,0,1,0,Sessão Plenária do dia 08 de junho de 2017 (manhã),2MOicduQXqE,https://www.youtube.com/watch?v=2MOicduQXqE,2017_PLljYw1P54c4xlR_FyjhzRJF3h9OY2Lq42
2017-06-09,3_nada_publicavel,2017,done,1,0,0,1,0,Sessão Plenária do dia 09 de junho de 2017 (tarde),dcuhHNiZW9k,https://www.youtube.com/watch?v=dcuhHNiZW9k,2017_PLljYw1P54c4xlR_FyjhzRJF3h9OY2Lq42
2017-06-09,3_nada_publicavel,2017,done,1,0,0,1,0,Sessão Plenária do dia 09 de junho de 2017 (manhã),ccsoGiPXCo4,https://www.youtube.com/watch?v=ccsoGiPXCo4,2017_PLljYw1P54c4xlR_FyjhzRJF3h9OY2Lq42
2017-10-31,3_nada_publicavel,2017,done,4,0,0,3,1,Sessão Plenária do dia 31 de outubro 2017,0D7hc7wMOo0,https://www.youtube.com/watch?v=0D7hc7wMOo0,2017_PLljYw1P54c4wZTPd_mVVM1P4huu9ZNmwH
2018-03-08,3_nada_publicavel,2018,done,10,0,0,3,7,Sessão Plenária do dia 08 de março de 2018,HkzjRG1Zwjg,https://www.youtube.com/watch?v=HkzjRG1Zwjg,2018_PLljYw1P54c4yiixZOrXM29Y9mvlSCbY02
2023-06-22,3_nada_publicavel,2023,done,2,0,0,2,0,Sessão Plenária - 22 de Junho  de 2023,q6Ii2YlcxNc,https://www.youtube.com/watch?v=q6Ii2YlcxNc,2023_PLljYw1P54c4z7JQo5DpCEsWOwXd_5nZkk
2023-06-29,3_nada_publicavel,2023,done,2,0,0,1,1,Sessão Plenária - 29 de Junho  de 2023,VM31msjgMDM,https://www.youtube.com/watch?v=VM31msjgMDM,2023_PLljYw1P54c4z7JQo5DpCEsWOwXd_5nZkk
2024-10-01,3_nada_publicavel,2024,done,1,0,0,1,0,Sessão Plenária - 01 de Outubro de 2024,Yz832PRrvbY,https://www.youtube.com/watch?v=Yz832PRrvbY,2024_PLljYw1P54c4yYbFDcvNEj7bOWY72OzCM0
2024-10-08,3_nada_publicavel,2024,done,3,0,0,3,0,Sessão Plenária - 08 de Outubro de 2024,M2Wwyi1Z-9g,https://www.youtube.com/watch?v=M2Wwyi1Z-9g,2024_PLljYw1P54c4yYbFDcvNEj7bOWY72OzCM0
2025-06-24,3_nada_publicavel,2025,done,1,0,0,0,1,Sessão Plenária - 24 de Junho 2025,AQUziWZVoTk,https://www.youtube.com/watch?v=AQUziWZVoTk,2025_PLljYw1P54c4xZp8GKvAW8ogzKaKOSbMp7
2026-03-24,3_nada_publicavel,2026,done,4,0,0,4,0,Sessão Plenária - 24 de Março 2026,7xUmJJu2_1k,https://www.youtube.com/watch?v=7xUmJJu2_1k,2026_PLljYw1P54c4xjtm9SxEWHIdl8xgi7IbdX
2016-06-23,4_sem_julgamentos,2016,done,0,0,0,0,0,Veja a íntegra da Sessão Plenária do dia 23 de junho de 2016,hRFYnzxMVhY,https://www.youtube.com/watch?v=hRFYnzxMVhY,2016_PLljYw1P54c4w8e4B0Y8d24g5st3c0MuFy
2017-11-16,4_sem_julgamentos,2017,done,0,0,0,0,0,Sessão Plenária do dia 16 de novembro 2017,vVpSrhoA7Z8,https://www.youtube.com/watch?v=vVpSrhoA7Z8,2017_PLljYw1P54c4wZTPd_mVVM1P4huu9ZNmwH
2017-11-30,4_sem_julgamentos,2017,done,0,0,0,0,0,Sessão Plenária do dia 30 de novembro 2017,wnBolu3PCeI,https://www.youtube.com/watch?v=wnBolu3PCeI,2017_PLljYw1P54c4wZTPd_mVVM1P4huu9ZNmwH
2017-12-12,4_sem_julgamentos,2017,done,0,0,0,0,0,Sessão Plenária do dia 12 de dezembro 2017,3i3uqnoRaSk,https://www.youtube.com/watch?v=3i3uqnoRaSk,2017_PLljYw1P54c4wZTPd_mVVM1P4huu9ZNmwH
2025-06-03,4_sem_julgamentos,2025,done,0,0,0,0,0,Sessão Plenária - 03 de Junho 2025,UIZe24V1Pd4,https://www.youtube.com/watch?v=UIZe24V1Pd4,2025_PLljYw1P54c4xZp8GKvAW8ogzKaKOSbMp7
2025-06-05,4_sem_julgamentos,2025,done,0,0,0,0,0,Sessão Plenária - 05 de Junho 2025,FkC09nP6bD8,https://www.youtube.com/watch?v=FkC09nP6bD8,2025_PLljYw1P54c4xZp8GKvAW8ogzKaKOSbMp7
2025-06-10,4_sem_julgamentos,2025,done,0,0,0,0,0,Sessão Plenária - 10 de Junho 2025,s24AUEodDdo,https://www.youtube.com/watch?v=s24AUEodDdo,2025_PLljYw1P54c4xZp8GKvAW8ogzKaKOSbMp7
2025-06-12,4_sem_julgamentos,2025,done,0,0,0,0,0,Sessão Plenária - 12 de Junho 2025,J4t237wiuh4,https://www.youtube.com/watch?v=J4t237wiuh4,2025_PLljYw1P54c4xZp8GKvAW8ogzKaKOSbMp7
2025-06-17,4_sem_julgamentos,2025,done,0,0,0,0,0,Sessão Plenária - 17 de Junho 2025,1oTrRt1qffA,https://www.youtube.com/watch?v=1oTrRt1qffA,2025_PLljYw1P54c4xZp8GKvAW8ogzKaKOSbMp7
2025-06-26,4_sem_julgamentos,2025,done,0,0,0,0,0,Sessão Plenária - 26 de Junho 2025,BJo4Kz1K9EY,https://www.youtube.com/watch?v=BJo4Kz1K9EY,2025_PLljYw1P54c4xZp8GKvAW8ogzKaKOSbMp7
2025-07-01,4_sem_julgamentos,2025,done,0,0,0,0,0,Sessão de Encerramento do Semestre Forense - 01 de Julho 2025,edmV2eK0Q8k,https://www.youtube.com/watch?v=edmV2eK0Q8k,2025_PLljYw1P54c4xZp8GKvAW8ogzKaKOSbMp7
2025-08-05,4_sem_julgamentos,2025,done,0,0,0,0,0,Sessão Plenária - 05 de Agosto 2025,NMs0M-wyxPM,https://www.youtube.com/watch?v=NMs0M-wyxPM,2025_PLljYw1P54c4xZp8GKvAW8ogzKaKOSbMp7
2025-10-30,4_sem_julgamentos,2025,done,0,0,0,0,0,Sessão Plenária - 30 de Outubro 2025,jMwc96Xd5j4,https://www.youtube.com/watch?v=jMwc96Xd5j4,2025_PLljYw1P54c4xZp8GKvAW8ogzKaKOSbMp7
